num,area_constant,vol_percentage
1,3195823.303942439,38.52989129946035
